,,,,,,,,,
,SHANKLISH PREPARADOS,,,,,,,,
,,,,,,,,,
,,,,,,,,,
,SHANKLISH TRADICIONAL ,CANTIDAD ,,,,,,,
,INGREDIENTES,125GR,250GR,DETALLE,PREPARACIÓN,,,,
,BOLA SHANKLISH ,60 GR,120 GR,,Se deshace la bola shanklish uniformemente,,,,
,TOMATE,30 GR,60 GR,CUBITOS ,Se mezcla con todos los ingredientes ,,,,
,CEBOLLA  BLANCA ,26 GR,52 GR,CUBITOS ,,,,,
,ACEITE OLIVA ,5 ML,10 ML,,,,,,
,SAL ,3 GR,6 GR,,,,,,
,,,,,,,,,
,,,,,,,,,
,SHANKLISH TRADICIONAL  / PICANTE ,CANTIDAD ,,,,,,,
,INGREDIENTES,125GR,250GR,DETALLE,PREPARACIÓN,,,,
,BOLA SHANKLISH ,60 GR,120 GR,,Se deshace la bola shanklish uniformemente,,,,
,TOMATE,30 GR,60 GR,CUBITOS ,Se mezcla con todos los ingredientes ,,,,
,CEBOLLA  BLANCA ,26 GR,52 GR,CUBITOS ,,,,,
,ACEITE OLIVA ,5 ML,10 ML,,,,,,
,SAL ,3 GR,6 GR,,,,,,
*,PICANTE EN POLVO (SHANK PICANTE),1 GR , 2 GR,,,,,,
,,,,,,,,,
,,,,,,,,,
,SHANKLISH TOMATE SECO,CANTIDAD ,,,,,,,
,INGREDIENTES,125GR,250GR,DETALLE,PREPARACIÓN,,,,
,BOLA  SHANKLISH,60 GR,120 GR,,Se deshace la bola shanklish uniformemente,,,,
,TOMATE SECO, 30 GR, 60 GR,CUBITO ,Se mezcla con todos los ingredientes ,,,,
,CEBOLLA MORADA,26 GR,52 GR,CUBITO,,,,,
,PEREJIL,3 GR,6 GR,BRUNOIS PEQUENO,,,,,
,ACEITE OLIVA ,5 ML,10 ML,,,,,,
,,,,,,,,,
,,,,,,,,,
,SHANKLISH DE PESTO,CANTIDAD ,,,,,,,
,INGREDIENTES,125GR,250GR,DETALLE,PREPARACIÓN,,,,
,BOLA DE SHANKLISH ,60 GR,120 GR,,Se deshace la bola shanklish uniformemente,,,,
,TOMATE,40 GR,80 GR,CUBITO,Se mezcla con todos los ingredientes ,,,,
,PESTO ,25 GR,50 GR,,,,,,
,,,,,,,,,
,,,,,,,,,
,,,,,,,,,
,SHANKLISH MEREY Y MIEL,CANTIDAD ,,,,,,,
,INGREDIENTES,125GR,250GR,DETALLE,PREPARACIÓN,,,,
,BOLA SHANKLISH ,60 GR,120 GR,,Se deshace la bola shanklish uniformemente,,,,
,MEREY FRITO,45 GR,90 GR,TROCEADO,se mezcla con todos los ingredientes ,,,,
,MIEL,20 GR,40 GR,,,,,,
,,,,,,,,,
,,,,,,,,,
,,,,,,,,,
,DEGUSTACIÓN DE SHANKLISH: ,,,,,,,,
,"Puede llevar Todos los shanklish anteriores SOLO 4 OPCIONES,  (70gr de cada una)",,,,,,,,
,,,,,,,,,
,,,,,,,,,
,,,,,,,,,
,CREMAS ,,,,,,,,
,,,,,,,,,
,,,,,,,,,
,CREMA GARBANZO (HUMMUS),CANTIDAD ,,,,,,,
,INGREDIENTES,125GR,250GR,DETALLE,PREPARACIÓN,,,,
,GARBANZO SANCOCHADO,,,,Se debe licuar todo muy bien hasta que no se sienta grumos ,,,,
,ACEITE VEG,5ML,10ML,,Topping,,,,
,,,,,,,,,
,,,,,,,,,
,,,,,,,,,
,CREMA GARBANZO ESPECIAL (HUMMUS),CANTIDAD ,,,,,,,
,INGREDIENTES,125GR,250GR,DETALLE,PREPARACIÓN,,,,
,HUMMUS ,,,,,,,,
,CARNE,40 GR,90 GR,,,,,,
,ACEITE VEG,5ML,10ML,,Topping,,,,
,PAPRIKA,1GR,2GR,,Decoración,,,,
,MEREY,3GR,6GR,,Decoración,,,,
,GARBANZO COCIDO,2GR,5GR,,Decoración,,,,
,,,,,,,,,
,,,,,,,,,
,CREMA BERENJENA (BABAGANOUSH),CANTIDAD ,,,,,,,
,INGREDIENTES,125GR,250GR,DETALLE,PREPARACIÓN,,,,
*,CREMA BERENJENA (BABAGANOUSH),125GR,250GR,,,,,,
,ZUMAK,1GR,2GR,,Decoración,,,,
,GRANADA,1GR,2GR,,Decoración,,,,
,AC OLIVA,5ML,10ML,,Decoración,,,,
,,,,,,,,,
,,,,,,,,,
,CREMA MUHAMMARA (PIMENTON),CANTIDAD ,,,,,,,
,INGREDIENTES,125GR,250GR,DETALLE,PREPARACIÓN,,,,
,CREMA MUHAMMARA (PIMENTON),125GR,250GR,,,,,,
,AC OLIVA,5ML,10ML,,Decoración,,,,
,MEREY,3GR,6GR,,Decoración,,,,
,AJONJOLÍ NEGRO,1GR,2GR,,Decoración,,,,
,,,,,,,,,
,,,,,,,,,
,CREMA TAHINI (TARATOR),CANTIDAD ,,,,,,,
,INGREDIENTES,125GR,250GR,DETALLE,PREPARACIÓN,,,,
,CREMA TAHINI (TARATOR),125GR,250GR,,,,,,
,ZUMAK,1GR,2GR,,,,,,
,,,,,,,,,
,,,,,,,,,
,LABNEH,CANTIDAD ,,,,,,,
,INGREDIENTES,125GR,250GR,DETALLE,PREPARACIÓN,,,,
,YOGURT PRENSADO,125GR,250GR,,,,,,
,ACEITUNAS DESHUESADAS,2 UND,2 UND ,,,,,,
,AC OLIVA,5ML,10ML,,Decoración,,,,
,HIERBABUENA DESHIDRATADA,1GR,2GR,,,,,,
,,,,,,,,,
,,,,,,,,,
,CREMA LABAN BI KHIAR,CANTIDAD ,,,,,,,
,INGREDIENTES,125GR,250GR,DETALLE,PREPARACIÓN,,,,
,YOGURT ,105 GR ,210 GR ,No puede estar acido ,Mezclar todo en un bowl ,,,,
,PEPINO ,20 GR,45 GR,Cubo ,"Decorar con  eneldo, Pepino , cogoyito de Hierba buena ",,PASTA DE AJO,,
,HIERBA BUENA SECA ,"0,5 GR",1 GR ,Polvo ,,,,,
,PASTA DE AJO,1GR,2GR,Pisado ,,,ACEITE ,1 LITRO,
,SAL ,"0,8 GR",1 GR ,,,,AJO,500GR,
,ENELDO Y HIERBA BUENA FRESCA (Decoracion),,,,,,,,
,,,,,,,,,
,,,,,,,,,
,DEGUSTACIÓN DE CREMAS: ,,,,,,,,
,"Puede llevar Todas las cremas anteriores SOLO 4 OPCIONES, DE LOS 5 SHANKLISH QUE TENEMOS PUEDE LLEVAR 1 (70gr de cada una)",,,,,,,,
,,,,,,,,,
,,,,,,,,,
,,,,,,,,,
,ENSALADAS ,,,,,,,,
,,,,,,,,,
,,,,,,,,,
,,,,,,,,,
,ENSALADA TABULE (BOWL),CANTIDAD ,,,,,,,
,INGREDIENTES,125GR,250GR,DETALLE,PREPARACIÓN,,,,
,Ingrediente,Receta Base (977g),Porcentaje (%),Porción de 125 gr,Porción de 250 gr,,,,
,Perejil,150 gr,"15,35%",19.19 gr,38.38 gr,,,,
,Tomate,380 gr,"38,89%",48.62 gr,97.24 gr,,,,
,Cebolla Blanca,60 gr,"6,14%",7.68 gr,15.35 gr,,,,
,Cebollín,40 gr,"4,09%",5.12 gr,10.24 gr,,,,
,Trigo Hidratado,40 gr,"4,09%",5.12 gr,10.24 gr,,,,
,Jugo de Limón,148 ml,"15,15%",18.94 ml,37.87 ml,,,,
,Aceite Vegetal +,148 ml,"15,15%",18.94 ml,37.87 ml,,,,
,Sal,11 gr,"1,13%",1.41 gr,2.81 gr,,,,
,PESO TOTAL,977 gr/ml,"100,00%",125.00 gr,250.00 gr,,,,
,,,,,,,,,
,,,,,,,,,
,ENSALADA FATOUSH ,CANTIDAD ,,,,,,,
,INGREDIENTES,125GR,250GR,DETALLE,PREPARACIÓN,,,,
,LECHUGA,80GR,160GR,,,,,,
,PEREJIL,1GR,2GR,PICADITO PEQUENO ,Es una ensalada fresca y rustica ,,,,
,HIERBA BUENA,1GR,2GR,PICADITO PEQUENO ,Deben jugar con los colores pero predomina la lechuga,,,,
,TOMATE,8GR,16GR,CUBOS ,,,,,
,PIMENTON ROJO / VERDE,15GR,30GR,CUBOS ,,,,,
,PEPINO ,10GR,20GR,CUBOS ,,,,,
,RABANO ,2GR,4GR,,,,,,
,CEBOLLA MORADA,10GR,20GR,JULIANA ,,,,,
,PAN FRITO ,5GR,10GR,,,,,,
,ADEREZO FATOUSH ,7GR,15GR,,,,,,
,REDUCCION GRANADA (DECORACION),1gr,2GR,,,,,,
,,,,,,,,,
,,,,,,,,,
,ENSALADA FATULE ,CANTIDAD ,,,,,,,
,INGREDIENTES,125GR,250GR,DETALLE,PREPARACIÓN,,,,
,LECHUGA,60GR,120GR,,Combinación de las 2 ensaladas principales,,,,
,PEREJIL,10GR,20GR,PICADITO PEQUENO ,Es una ensalada fresca y rustica ,,,,
,TOMATE,20GR,40GR,CUBOS ,Deben jugar con los colores pero predomina la lechuga,,,,
,PIMENTON ROJO / VERDE,5GR,10GR,CUBOS ,,,,,
,PEPINO ,5GR,10GR,CUBOS ,,,,,
,RABANO ,1GR,2GR,,,,,,
,CEBOLLA MORADA,4GR,8GR,JULIANA ,,,,,
,PAN FRITO ,1GR,2GR,,,,,,
,ADEREZO FATOUSH ,7GR,14GR,,,,,,
,REDUCCION GRANADA (DECORACION),1GR,2GR,,,,,,
,CEBOLLA BLANCA,5GR,10GR,,,,,,
,CEBOLLIN ,1GR,2GR,,,,,,
,TRIGO HIDRATADO,8GR,16GR,,,,,,
,,,,,,,,,
,,,,,,,,,
,PLATOS PRINCIPALES,,,,,,,,
,,,,,,,,,
,,,,,,,,,
,,,,,,,,,
,KIBBE FRITO,CANTIDAD ,,,,,,,
,INGREDIENTES,5UND,10 UND,DETALLE,PREPARACIÓN,,,,
,KIBBE FRITO,5UND,10 UND,,,,,,
,PISTACHO MOLIDO ,1GR,2GR,,,,,,
,CREMA DE GARBANZO (EXTRA),40GR,40GR,,,,,,
,,,,,,,,,
,,,,,,,,,
,MINI KIBBE FRITO,CANTIDAD ,,,,,,,
,INGREDIENTES,10UND,20UND,DETALLE,PREPARACIÓN,,,,
,MINI KIBBE FRITO,10UND,20UND,,,,,,
,PISTACHO MOLIDO ,1GR,2GR,,,,,,
,CREMA DE GARBANZO (EXTRA),40GR,40GR,,,,,,
,,,,,,,,,
,,,,,,,,,
,KIBBE HORNADO,CANTIDAD ,,,,,,,
,INGREDIENTES,250GR,500GR,DETALLE,PREPARACIÓN,,,,
,KIBBE HORNADO,250GR,500GR,,,,,,
,CEBOLLA FRITA,1GR,1GR,,Decoración,,,,
,GRANADA,1GR,1GR,,Decoración,,,,
,PEREJIL,1GR,1GR,,Decoración,,,,
,,,,,,,,,
,,,,,,,,,
,KIBBE CRUDO,CANTIDAD ,,,,,,,
,INGREDIENTES,250GR,500GR,DETALLE,PREPARACIÓN,,,,
,CHOCOZUELA MOLIDA ROJA ,200 GR ,400 GR ,,Se debe amasar con guantes muy muy bien hasta que quede una pasta ,,,,
,TRIGO HIDRATADO DE CRUDO (MOLIDO),15 GR,25 GR,,"El color rojo es importante, sino no sale",,,,
*,MIX ESPECIES ,6 GR ,12 GR,,Probar para rectificar sal o pimienta ,,,,
,AC OLIVA ,15 GR,30 GR ,,Se decora con hierba buena (bastante) y cebolla morada ,,,,
,,,,,,,,,
,,,,,,,,,
,FALAFEL,CANTIDAD ,,,,,,,
,INGREDIENTES,7UND,14UND,DETALLE,PREPARACIÓN,,,,
,FALAFEL ,7UND,14 UND,,,,,,
,CREMA TAHINI (EXTRA),40GR,40GR,,,,,,
,PEREJIL,1GR,1GR,,Decorativo ,,,,
,,,,,,,,,
,,,,,,,,,
,,,,,,,,,
,,,,,,,,,
,,,,,,,,,
,,,,,,,,,
,"PINCHO DE CARNE, POLLO, MIXTO O KAFTA",CANTIDAD ,,,,,,SUB RECETA,
,INGREDIENTES,3UND ,,DETALLE,PREPARACIÓN,,MIX DE VEGETALES X RACIÓN DE PINCHO ,,CANTIDAD
,"PINCHO DE CARNE, POLLO, MIXTO ",3 UND ,,,"PUEDE SALIR VARIADO, ES DEPENDIENDO DE LO QUE QUIERE EL CLIENTE ",,CEBOLA BLANCA,,2GR
,MIX DE VEGATALES ,6GR,,,,,CEBOLLA MORADA,,2GR
,PEREJIL ,1GR,,,,,PIMENTON ,,2R
,,,,,,,,,
,,,,,,,,,
,,,,,,,,SUB RECETA,
,PINCHO DE  KAFTA,CANTIDAD ,,,,,MIX DE VEGETALES X RACIÓN DE PINCHO ,,CANTIDAD
,INGREDIENTES,3UND ,,DETALLE,PREPARACIÓN,,TOMATE CHERRY,,1 UND
,PINCHO DE KAFTA,3 UND ,,,"PUEDE SALIR VARIADO, ES DEPENDIENDO DE LO QUE QUIERE EL CLIENTE ",,CEBOLLA MORADA,,5GR
,MIX DE KAFTA,6GR,,,,,ZUMAK,,1GR
,PEREJIL ,1GR,,,,,ZATAR ,,1GR
,,,,,,,SAL,,1GR
,,,,,,,,,
,,,,,,,,,
,,,,,,,,,
,ARROZ CON POLLO LIBANÉS,CANTIDAD ,,,,,,SUB RECETA,
,INGREDIENTES,250GR,500GR,DETALLE,PREPARACIÓN,,FRUTOS SECOS DE ARROZ,,CANTIDAD
,ARROZ CON POLLO LIBANÉS,210GR,420,,,,ALMENDRA,,"1,5GR"
,CEBOLLA DE ARROZ LIBANES ,4GR,8GR,,,,MEREY,,"1,5GR"
,POLLO DE ARROZ,20GR,40GR,,,,,,
,ROMERO,2GR,4GR,,,,,,
,FRUTOS SECOS DE ARROZ ,3GR,6GR,,,,,,
,GRANADA ,1GR,2GR,,,,,,
,CALDO DE ARROZ,10 ML,20ML,,,,,,
,,,,,,,,,
,,,,,,,,,
,TABAQUITOS,CANTIDAD ,,,,,,,
,INGREDIENTES,7UND,14UND,DETALLE,PREPARACIÓN,,,,
,TABAQUITOS,7UND,14UND,,,,,,
,ADEREZO DE TABAQUITOS,5ML,5ML,,,,,,
,GRANADA,1GR,2GR,,,,,,
,RODAJAS DE LIMÓN,2,2,RODAJAS,,,,,
,,,,,,,,,
,SHAWARMAS ,,,,,,,,
,,,,,,,,,
,,,,,,,,,
,,,,,,,,,
,SHAWARMA CARNE,CANTIDAD ,,,,,,,
,INGREDIENTES,250GR,350GR,500GR,PREPARACIÓN,,,,
,PAN,1UND,1UND ,1UND ,55GR EL PESO DEL PAN DE 250 Y 350GR EL DE 500GR PESA 75GR,,,,
,CREMA AJO ,40GR,40GR,40GR,,,,,
,TABULE ,40GR,70GR,190GR,,,,,
,VEGETALES SALTEADOS ,5GR ,5GR,5GR,,,,,
,PROTEINA ,120GR,190GR,240GR,,,,,
,,,,,,,,,
,,,,,,,,,
,,,,,,,,,
,,,,,,,,,
,SHAWARMA POLLO ,CANTIDAD ,,,,,,,
,INGREDIENTES,250GR,350GR,500GR,PREPARACIÓN,,,,
,PAN,1UND,1UND ,1UND ,55GR EL PESO DEL PAN DE 250 Y 350GR EL DE 500GR PESA 75GR,,,,
,CREMA AJO ,40GR,40GR,40GR,,,,,
,TABULE ,40GR,70GR,190GR,,,,,
,VEGETALES SALTEADOS ,5GR ,5GR,5GR,,,,,
,PROTEINA ,120GR,190GR,240GR,,,,,
,,,,,,,,,
,,,,,,,,,
,,,,,,,,,
,,,,,,,,,
,SHAWARMA MIXTO,CANTIDAD ,,,,,,,
,INGREDIENTES,250GR,350GR,500GR,PREPARACIÓN,,,,
,PAN,1UND,1UND ,1UND ,55GR EL PESO DEL PAN DE 250 Y 350GR EL DE 500GR PESA 75GR,,,,
,CREMA AJO ,40GR,40GR,40GR,,,,,
,TABULE ,40GR,70GR,190GR,,,,,
,VEGETALES SALTEADOS ,5GR ,5GR,5GR,,,,,
,PROTEINA ,120GR,190GR,240GR,,,,,
,,,,,,,,,
,,,,,,,,,
,,,,,,,,,
,,,,,,,,,
,SHAWARMA FLUTEN FREE,CANTIDAD ,,,,,,,
,INGREDIENTES,250GR,,,PREPARACIÓN,,,,
,PAN DE YUCA,2UND,,,90GR CADA PAN ,,,,
,CREMA AJONJOLÍ,40GR,,,,,,,
,TABULE SIN TRIGO ,50GR,,,,,,,
,VEGETALES SALTEADOS ,5GR ,,,,,,,
,PROTEINA ,120GR,,,,,,,
,,,,,,,,,
,,,,,,,,,
,SHAWARMA DE KAFTA ,CANTIDAD ,,,,,,,
,INGREDIENTES,250GR,350GR,500GR,PREPARACIÓN,,,SUB RECETA,
,PAN,1UND,1UND ,1UND ,55GR EL PESO DEL PAN DE 250 Y 350GR EL DE 500GR PESA 75GR,,VEGETALES SALTEADOS ,,CANTIDAD
,TARATOR,15GR,30GR,,,,TOMATE CHERRY,,1 UND
,PEPINILLOS,15GR,60GR,,,,CEBOLLA MORADA,,5GR
,VEGETALES SALTEADOS ,25GR,60GR,,,,ZUMAK,,1GR
,KAFTA,1 UND ,2 UND ,,,,ZATAR ,,1GR
,PAPAS FRITAS,35GR,70GR,,,,SAL,,1GR
,CREMA DE AJO,10GR,10GR,,,,,,
,,,,,,,,,
,SHAWARMA SHAKIFEL,CANTIDAD ,,,,,,,
,INGREDIENTES,250GR,350GR,500GR,PREPARACIÓN,,,,
,PAN ,1UND,1UND ,1UND ,,,,,
,CREMA AJO ,40GR,40GR,40GR,,,,,
,TABULE ,40GR,70GR,190GR,,,,,
,FALAFEL,2 UND,2 UND,3UND,,,,,
,KIBBE FRITO ,1 UND,2 UND,3UND ,,,,,
,,,,,,,,,
,,,,,,,,,
,,,,,,,,,
,,,,,,,,,
,SHAWARMA SHAKIFEL MIXTO,CANTIDAD ,,,,,,,
,INGREDIENTES,250GR,350GR,500GR,PREPARACIÓN,,,,
,PAN ,1UND,1UND ,1UND ,,,,,
,CREMA AJO ,40GR,40GR,40GR,,,,,
,TABULE ,40GR,70GR,190GR,,,,,
,FALAFEL,1UND ,2UND ,2UND,,,,,
,KIBBE FRITO ,1UND ,1UND,2UND,,,,,
,POLLO ,25GR,25GR,50GR,,,,,
,CARNE ,25GR,25GR,50GR,,,,,
,,,,,,,,,
,,,,,,,,,
,SHAWARMA FALAFEL,CANTIDAD ,,,,,,,
,INGREDIENTES,250GR,350GR,500GR,PREPARACIÓN,,,,
,PAN ,1UND,1UND ,1UND ,,,,,
,CREMA AJONJOLI ,40GR,40GR,40GR,,,,,
,TABULE ,40GR,70GR,190GR,,,,,
,FALAFEL,4 UND ,6 UND ,8 UND,,,,,
,,,,,,,,,
,,,,,,,,,
,,,,,,,,,
,,,,,,,,,
,,,,,,,,,
,SHAWARMA SHANKLISH CARACAS,CANTIDAD ,,,,,,,
,INGREDIENTES,250GR,350GR,500GR,PREPARACIÓN,,,,
,PAN ,1UND,1UND ,1UND ,,,,,
,CREMA LABNEH ,40GR,40GR,40GR,,,,,
,SHANKLISH,5GR,10GR,20GR,,,,,
,TABULE,40GR,70GR,190GR,,,,,
,KIBBE HORNEADO ,75GR,125GR,125GR,,,,,
,KIBBE FRITO ,1UND,1UND ,2UND ,,,,,
,,,,,,,,,
,,,,,,,,,
,,,,,,,,,
,PLATOS ESPECIALES,,,,,,,,
,,,,,,,,,
,,,,,,,,,
,,,,,,,,,
,MINI PIZZA ZAATAR,CANTIDAD ,,,,,,,
,INGREDIENTES,5UND ,8UND,DETALLE,PREPARACIÓN,,,,
,MINI PIZZA ZAATAR,5UND ,8 UND,,,,,,
,CREA LABNEH (EXTRA),40GR,40GR,,,,,,
,,,,,,,,,
,,,,,,,,,
,SAMBOUSEK,CANTIDAD ,,,,,,,
,INGREDIENTES,3UND,5UND ,DETALLE,PREPARACIÓN,,,,
,SAMBOUSEK,3UND ,5UND ,,,,,,
,GRANADA,1GR,2GR,,,,,,
,CREMA TAHINI (EXTRA),40GR ,40GR,,,,,,
,LIMÓN,1GR,1GR,DECORATIVO ,,,,,
,,,,,,,,,
,,,,,,,,,
,BASTURMA ,CANTIDAD ,,,,,,,
,INGREDIENTES,60GR,120GR,DETALLE,PREPARACIÓN,,,,
,BASTURMA ,60GR,120GR,,,,,,
,CREMA LABNEH ,3GR,6GR,,,,,,
,ACEITUNAS,2UND,4UND,,,,,,
,PEREJIL,1GR,1GR,,,,,,
,ACEITE DE OLIVA,1ML,1ML,,,,,,
,,,,,,,,,
,,,,,,,,,
,ROLL DE KAFTA,CANTIDAD ,,,,,,,
,INGREDIENTES,6 UND,12 UND ,DETALLE,PREPARACIÓN,,,,
,ROLL DE KAFTA,6 UND,12 UND ,,,,,,
,YOGURT ,10GR,10GR,,,,,,
,TARATOR,30GR ,30GR,,,,,,
,TABASCO ,2,2,GOTAS,,,,,
,GRANADA LÍQUIDA,1GR,1GR,,,,,,
,GRANADA,2GR,4GR,,,,,,
,SALSA NÁPOLE,2GR,2GR,,,,,,
,HIERBABUENA ,2GR,2GR,,,,,,
,,,,,,,,,
,,,,,,,,,
,HAMBURGUESA ÁRABE,,,,,,,,
,,,,,,,,,
,,,,,,,,,
,,,,,,,,,
,HAMBURGUESA ÁRABE,CANTIDAD ,,,,,,,
,INGREDIENTES,350GR,,DETALLE,PREPARACIÓN,,,,
,PAN,100GR,,,,,,,
,KAFTA,2UND,,,,,,,
,SHANKLISH TRADICIONAL,2GR,,,,,,,
,CEBOLLA CARAMELIZADA,4GR,,,,,,,
,TABULE,4GR,,,,,,,
,CREMA LABNEH,2GR,,,,,,,
,,,,,,,,,
,,,,,,,,,
,ARMA TU SHANKLISH CARACAS ,,,,,,,,
,,,,,,,,,
,,,,,,,,,
,,,,,,,,,
,ARMA TU SHANKLISH CARACAS,,,,,,,,
,INGREDIENTES,CANTIDAD ,,,PREPARACIÓN,,,,
,1 PLATO PRINCIPAL,,,,PUEDES ESCOGER 1 OPCIÓN DE ESTOS  PLATOS PRINCIPALES ,,,,
,KIBBE FRITO,5UND,,,,,,,
,MINI KIBBE FRITO,10 UND ,,,,,,,
,KIBBE HORNEADO,250GR,,,,,,,
,KIBBE CRUDO,250GR,,,,,,,
,FALAFEL,7 FALAFEL,,,,,,,
,PINCHOS CARNE/POLLO Y MIXTO,3 UND,,,,,,,
,ARROZ CON POLLO LIBANÉS,250GR,,,,,,,
,TABAQUITOS ,10 UND ,,,,,,,
,TODOS LOS SHAWARMA ,250GR,,,,,,,
,2  ACOMPAÑANTES ,,,,,,,,
,SHANKLISH TRADICIONAL ,50GR,,,PUEDES ESCOGER 2 OPCIONES,,,,
,SHANKLISH TRADICIONAL PICANTE,50GR,,,,,,,
,SHANKLISH TOMATE SECO,50GR,,,,,,,
,SHANKLISH DE PESTO,50GR,,,,,,,
,SHANKLISH MEREY Y MIEL,50GR,,,,,,,
,CREMA HUMMUS,50GR,,,,,,,
,CREMA HUMMUS ESPECIAL,50GR,,,,,,,
,CREMA BABAGANOUSH,50GR,,,,,,,
,CREMA MUHAMMARA,50GR,,,,,,,
,CREMA DE TAHINI,50GR,,,,,,,
,CREMA LABNEH,50GR,,,,,,,
,CREMA LABAN BI KHIAR,50GR,,,,,,,
,CREMA TOUM,50GR,,,,,,,
,TABULE,120GR,,,,,,,
,FATTOUSH,120GR,,,,,,,
,FATULE,120GR,,,,,,,
,,,,,,,,,
,,,,,,,,,
,ARMA TU TABLA ,,,,,,,,
,,,,,,,,,
,,,,,,,,,
,,,,,,,,,
,ARMA TU TABLA (1 PERSONA) ,,,,,,,,
,INGREDIENTES,CANTIDAD ,,,PREPARACIÓN,,,,
,3 PLATOS PRINCIPALES,,,,PUEDES ESCOGER 3 OPCIÓN DE ESTOS  PLATOS PRINCIPALES ,,,,
,KIBBE FRITO,2UND,,,,,,,
,MINI KIBBE FRITO,4UND,,,,,,,
,KIBBE HORNEADO,75GR,,,,,,,
,KIBBE CRUDO,75GR,,,,,,,
,FALAFEL,3 UND,,,,,,,
,PINCHOS CARNE/POLLO/MIXTO Y KAFTA,1 UND (VARA),,,,,,,
,ARROZ CON POLLO LIBANÉS,75GR,,,,,,,
,TABAQUITOS ,3UND,,,,,,,
,ACOMPAÑANTES,,,,,,,,
,CREMA HUMMUS,75GR,,,PUEDES ESCOGER 2 OPCIONES DE CREMAS ,,,,
,CREMA HUMMUS ESPECIAL,75GR,,,,,,,
,CREMA BABAGANOUSH,75GR,,,,,,,
,CREMA MUHAMMARA,75GR,,,,,,,
,CREMA DE TAHINI,75GR,,,,,,,
,CREMA LABNEH,75GR,,,,,,,
,CREMA LABAN BI KHIAR,75GR,,,,,,,
,CREMA TOUM,75GR,,,,,,,
,SHANKLISH TRADICIONAL ,75GR,,,PUEDES ESCOGER 1 OPCIÓN DE SHANKLISH PREPARADO,,,,
,SHANKLISH TRADICIONAL PICANTE,75GR,,,,,,,
,SHANKLISH TOMATE SECO,75GR,,,,,,,
,SHANKLISH DE PESTO,75GR,,,,,,,
,SHANKLISH MEREY Y MIEL,75GR,,,,,,,
,TABULE,75GR,,,PUEDES ESCOGER 1 OPCIÓN DE ENSALADA ,,,,
,FATTOUSH,75GR,,,,,,,
,FATULE,75GR,,,,,,,
,,,,,,,,,
,,,,,,,,,
,ARMA TU TABLA (2 PERSONA) ,,,,,,,,
,INGREDIENTES,CANTIDAD ,,,PREPARACIÓN,,,,
,3 PLATOS PRINCIPALES,,,,PUEDES ESCOGER 3 OPCIÓN DE ESTOS  PLATOS PRINCIPALES ,,,,
,KIBBE FRITO,4UND,,,,,,,
,MINI KIBBE FRITO,8UND,,,,,,,
,KIBBE HORNEADO,125GR,,,,,,,
,KIBBE CRUDO,125GR,,,,,,,
,FALAFEL,6 UND,,,,,,,
,PINCHOS CARNE/POLLO/MIXTO Y KAFTA,2 UND (VARA),,,,,,,
,ARROZ CON POLLO LIBANÉS,125GR,,,,,,,
,TABAQUITOS ,6UND,,,,,,,
,ACOMPAÑANTES,,,,,,,,
,CREMA HUMMUS,125GR,,,PUEDES ESCOGER 2 OPCIONES DE CREMAS ,,,,
,CREMA HUMMUS ESPECIAL,125GR,,,,,,,
,CREMA BABAGANOUSH,125GR,,,,,,,
,CREMA MUHAMMARA,125GR,,,,,,,
,CREMA DE TAHINI,125GR,,,,,,,
,CREMA LABNEH,125GR,,,,,,,
,CREMA LABAN BI KHIAR,125GR,,,,,,,
,CREMA TOUM,125GR,,,,,,,
,SHANKLISH TRADICIONAL ,125GR,,,PUEDES ESCOGER 1 OPCIÓN DE SHANKLISH PREPARADO,,,,
,SHANKLISH TRADICIONAL PICANTE,125GR,,,,,,,
,SHANKLISH TOMATE SECO,125GR,,,,,,,
,SHANKLISH DE PESTO,125GR,,,,,,,
,SHANKLISH MEREY Y MIEL,125GR,,,,,,,
,TABULE,125GR,,,PUEDES ESCOGER 1 OPCIÓN DE ENSALADA ,,,,
,FATTOUSH,125GR,,,,,,,
,FATULE,125GR,,,,,,,
,,,,,,,,,
,,,,,,,,,
,ARMA TU TABLA (4 PERSONA) ,,,,,,,,
,INGREDIENTES,CANTIDAD ,,,PREPARACIÓN,,,,
,3 PLATOS PRINCIPALES,,,,PUEDES ESCOGER 3 OPCIÓN DE ESTOS  PLATOS PRINCIPALES ,,,,
,KIBBE FRITO,8UND,,,,,,,
,MINI KIBBE FRITO,16UND,,,,,,,
,KIBBE HORNEADO,250GR,,,,,,,
,KIBBE CRUDO,250GR,,,,,,,
,FALAFEL,12 UND,,,,,,,
,PINCHOS CARNE/POLLO/MIXTO Y KAFTA,4 UND (VARA),,,,,,,
,ARROZ CON POLLO LIBANÉS,250GR,,,,,,,
,TABAQUITOS ,12UND,,,,,,,
,ACOMPAÑANTES,,,,,,,,
,CREMA HUMMUS,200GR,,,PUEDES ESCOGER 4 OPCIONES DE CREMAS ,,,,
,CREMA HUMMUS ESPECIAL,200GR,,,,,,,
,CREMA BABAGANOUSH,200GR,,,,,,,
,CREMA MUHAMMARA,200GR,,,,,,,
,CREMA DE TAHINI,200GR,,,,,,,
,CREMA LABNEH,200GR,,,,,,,
,CREMA LABAN BI KHIAR,200GR,,,,,,,
,CREMA TOUM,200GR,,,,,,,
,SHANKLISH TRADICIONAL ,200GR,,,PUEDES ESCOGER 2 OPCIÓN DE SHANKLISH PREPARADO,,,,
,SHANKLISH TRADICIONAL PICANTE,200GR,,,,,,,
,SHANKLISH TOMATE SECO,200GR,,,,,,,
,SHANKLISH DE PESTO,200GR,,,,,,,
,SHANKLISH MEREY Y MIEL,200GR,,,,,,,
,TABULE,200GR,,,PUEDES ESCOGER 1 OPCIÓN DE ENSALADA ,,,,
,FATTOUSH,200GR,,,,,,,
,FATULE,200GR,,,,,,,
,,,,,,,,,
,,,,,,,,,
,,,,,,,,,
,POSTRES,,,,,,,,
,,,,,,,,,
,,,,,,,,,
,,,,,,,,,
,BAKLAWA PISTACHO,CANTIDAD ,,,,,,,
,INGREDIENTES,3UND,5UND,DETALLE,PREPARACIÓN,,,,
,BAKLAWA PISTACHO,3UND,5UND ,,,,,,
,PISTACHO,3GR,6GR,,Decoración,,,,
,CARAMELO DE BAKLAWA,3GR,6GR,,Decoración,,,,
,,,,,,,,,
,,,,,,,,,
,BAKLAWA CHOCOAVELLANAS,CANTIDAD ,,,,,,,
,INGREDIENTES,3UND,5UND,DETALLE,PREPARACIÓN,,,,
,BAKLAWA CHOCOAVELLANAS,3UND,5UND ,,,,,,
,AVELLANA GARRAPIÑADA,3GR,6GR,,Decoración,,,,
,NUTELLA,3GR,6GR,,Decoración,,,,
,CARAMELO DE BAKLAWA,3GR,6GR,,Decoración,,,,
,,,,,,,,,
,,,,,,,,,
,CHEESE CAKE DE FRESA,CANTIDAD ,,,,,,,
,INGREDIENTES,1,UND,DETALLE,PRODUCTO ,,,,
,CHEESE CAKE DE FRESA,1,UND,,,,,,
,FRESA,1,UND,,,,,,
,,,,,,,,,
,,,,,,,,,
,CHEESE CAKE DE PISTACHO,CANTIDAD ,,,,,,,
,INGREDIENTES,1,UND,DETALLE,PRODUCTO ,,,,
,CHEESE CAKE DE PISTACHO,1,UND,,,,,,
,PISTACHO,3,GR,,,,,,
,,,,,,,,,
,,,,,,,,,
,HELADO DE PISTACHO,CANTIDAD ,,,,,,,
,INGREDIENTES,125GR,250GR,DETALLE,PREPARACIÓN,,,,
,HELADO DE PISTACHO,125GR,250GR,,,,,,
,GALLETA DE PISTACHO,1UND,1UND,,,,,,
,PISTACHO MOLIDO ,3GR,3GR,,,,,,
,,,,,,,,,
,,,,,,,,,
,HELADO DE CHOCOAVELLANAS ,CANTIDAD ,,,,,,,
,INGREDIENTES,125GR,250GR,DETALLE,PREPARACIÓN,,,,
,HELADO DE CHOCOAVELLANAS ,125GR,250GR,,,,,,
,GALLETA DE AVELLANA,1UND,1UND,,,,,,
,AVELLANA GARRAPIÑADA,3GR,3GR,,,,,,
,SIROPE CHOCOLATE,1ML,1ML,,,,,,
,,,,,,,,,
,,,,,,,,,
,BROOKIE ,CANTIDAD ,,,,,,,
,INGREDIENTES,1,UND,DETALLE,PRODUCTO ,,,,
,BROOKIE ,1,UND,,,,,,
,HELADO DE MANTECADO ,1,BOLA,,,,,,
,,,,,,,,,
,,,,,,,,,
,RACIONES DE PAN ,,,,,,,,
,,,,,,,,,
,,,,,,,,,
,,,,,,,,,
,PAN ÁRABE NATURAL ,CANTIDAD ,,,,,,,
,INGREDIENTES,35GR,70GR,DETALLE,PREPARACIÓN,,,,
,PAN ÁRABE NATURAL ,35GR,70GR,,,,,,
,,,,,,,,,
,,,,,,,,,
,,,,,,,,,
,PAN ÁRABE TOSTADO,CANTIDAD ,,,,,,,
,INGREDIENTES,35GR,70GR,DETALLE,PREPARACIÓN,,,,
,PAN ÁRABE TOSTADO,35GR,70GR,,,,,,
,,,,,,,,,
,,,,,,,,,
,,,,,,,,,
,PAN ÁRABE MIXTO,CANTIDAD ,,,,,,,
,INGREDIENTES,35GR,70GR,DETALLE,PREPARACIÓN,,,,
,PAN ÁRABE NATURAL,35GR,70GR,,PUEDES ELEGIR 2 DE ESTAS OPCIONES ,,,,
,PAN ÁRABE FRITO,,,,,,,,
,PAN ÁRABE TOSTADO,,,,,,,,
,,,,,,,,,
,,,,,,,,,
,PAN ÁRABE FRITO,CANTIDAD ,,,,,,,
,INGREDIENTES,35GR,70GR,DETALLE,PREPARACIÓN,,,,
,PAN ÁRABE FRITO,35GR,70GR,,,,,,
,*AJO EN POLVO*,1GR,2GR,,OPCIONAL ,,,,
,,,,,,,,,
,PAPAS FRITAS,,,,,,,,
,,,,,,,,,
,,,,,,,,,
,,,,,,,,,
,PAPAS FRITAS,CANTIDAD ,,,,,,,
,INGREDIENTES,220GR,,DETALLE,PRODUCTO ,,,,
,PAPAS FRITAS,220GR,,,,,,,
,SAL,1GR,,,,,,,
,,,,,,,,,
,,,,,,,,,
,PAPAS FRITAS TRUFADAS,CANTIDAD ,,,,,,,
,INGREDIENTES,,,DETALLE,PRODUCTO ,,,,
,PAPAS FRITAS,220GR,,,,,,,
,POLVO DE TRUFAS,1GR,,,,,,,
,SAL,1GR,,,,,,,
